short_name,filename,status,file_type,paragraphs,tables,form_fields,merge_fields,sections
BSO_Questionnaire_ISO22301,BSO_Audit_Questionaire_ISO22301.docx,ERROR: no `tc` element at grid_offset=13,,0,0,0,0,0
AQC_All_MS,ENG-Form 'FM-BA-ZET-MS-All_AQC_EN' [English].docx,OK,docx,6,4,0,2,0
Ensan_MD_Calculation,Ensan _MD CALCULATION_en.docx,OK,docx,1,4,3,0,0
Auditplan_001,Form 'FM-TAGMBH-MSZ-001_Auditplan-EN' [English].docx,OK,docx,9,6,16,0,0
Auditplan_ISMS_002,Form 'FM-TAGMBH-MSZ-002_Auditplan-ISMS-EN' [English] (1).docx,OK,docx,7,5,16,0,0
Audit_Report_003,Form 'FM-TAGMBH-MSZ-003_Audit-Report-IMS-EN' [English] (1).docx,OK,docx,9,19,162,0,0
Participation_List_005,Form 'FM-TAGMBH-MSZ-005_Participation-List-EN' [English].docx,OK,docx,0,3,68,0,0
Checklist_ISO27001_023,Form 'FM-TAGMBH-MSZ-023_Audit-Checklist-ISO-27001-EN.xlsx,OK,xlsx,0,0,0,0,0
Checklist_QM_EM_HSE_033,Form 'FM-TAGMBH-MSZ-033-Audit-Checklist-combined-QM-EM-HSE-EN-EN' [English] (1).docx,OK,docx,3,6,298,0,0
Certificate_Text_038,Form 'FM-TAGMBH-MSZ-038_Certificate-Text-EN' [English].docx,OK,docx,16,12,34,0,4
